node_id:ID,name,type:LABEL,sources:string[],evidence_levels:string[],pages:string[]
69905f30f746a00b7f2caf6775d99f01,GLP-1,Entity;medication_classes,ada_pharma_approaches,,
bc1332295bc7cb3f58d5f3ccd3f0f2bd,SGLT2,Entity;medication_classes,ada_pharma_approaches,,
712f2e29cbbe9c6af6d278f9c91a6690,DUAL GIP AND GLP1 RA,Entity;medication_classes,ada_pharma_approaches,,
974e3fca4478c21f32dd33e4d289af66,BIGUANIDES,Entity;medication_classes,ada_pharma_approaches,,
a41387f4dcc3b95fdc36159c28309742,SULFONYLUREAS,Entity;medication_classes,ada_pharma_approaches,,
8b5a7e9c906deab47df8d8135d31a2e8,THIAZOLIDINEDIONE,Entity;medication_classes,ada_pharma_approaches,,
f521721ab43232f150896f637c8bad95,DPP4 INHIBITORS,Entity;medication_classes,ada_pharma_approaches,,
eb6458be4d4e3438ac99f82b041fcc70,INSULIN,Entity;medication_classes,ada_pharma_approaches,,
4459c249e1ddcb37c0dd7f5da77d8ba7,INJECTABLE HUMAN INSULINS,Entity;medication_classes,ada_pharma_approaches,,
d55cf170a0ee45913044ac3561cfa5f4,INSULIN ANALOGS,Entity;medication_classes,ada_pharma_approaches,,
d95440aee26afb83922c5a63e7c2eb4e,RAPIDACTING INSULIN ANALOG,Entity;medication_classes,ada_pharma_approaches,,
db833e80dcacfca61ff173b8a24d1a95,INJECTABLE ULTRARAPIDACTING INSULIN ANALOG,Entity;medication_classes,ada_pharma_approaches,,
df0d9ae91567f3c0673675f85af048e3,INHALED HUMAN INSULIN,Entity;medication_classes,ada_pharma_approaches,,
c19eaf1f440f2a46fe35098551ea5e2a,LONGERACTING BASAL ANALOGS,Entity;medication_classes,ada_pharma_approaches,,
a89ff76b4738abff5b1e6d67b4af68e5,BASAL INSULIN,Entity;medication_classes,ada_pharma_approaches,,
ab3e641a410248c5479d2e1ed26c3967,PRANDIAL INSULIN,Entity;medication_classes,ada_pharma_approaches,,
d6f352e32c7310c43fea3d2ba9c9b7dd,NPH INSULIN,Entity;medication_classes,ada_pharma_approaches,,
2e326dbbe937aa2b847628edc44a4b70,SHORTACTING REGULAR INSULIN,Entity;medication_classes,ada_pharma_approaches,,
de59a466c2f497b2be0ea530b4713944,PRAMLINTIDE,Entity;medication_classes,ada_pharma_approaches,,
9fe070665e906ef17c4db4299c82e736,METFORMIN,Entity;medication_classes,ada_pharma_approaches,,
12db951b5a25cddda7a9e4b67ec738c6,SGLT2 INHIBITORS,Entity;medication_classes,ada_pharma_approaches|ada_chapter7,,
30fd4fbc37555d43184bb9eff4e7d251,GLP1 RAS,Entity;medication_classes,ada_pharma_approaches,,
60760f5537e5a1b6ec649ed32716f3d1,BILE ACID SEQUESTRANT,Entity;medication_classes,ada_pharma_approaches,,
5d99627fe861b201c6ecdfbc91744fb9,DOPAMINE2 AGONIST,Entity;medication_classes,ada_pharma_approaches,,
e296a015afd11c10b774b4dc6a5ead98,LIRAGLUTIDE,Entity;active_ingredients,ada_pharma_approaches,,
f57ac77d4bb23c7620c658229fbde892,SEMAGLUTIDE,Entity;active_ingredients,ada_pharma_approaches,,
bb9f931b738e8b745cee78f6b1dc3681,TIRZEPATIDE,Entity;active_ingredients,ada_pharma_approaches,,
6fbb0e2ecb2f11de3f12436c83dccbd3,PIOGLITAZONE,Entity;active_ingredients,ada_pharma_approaches,,
32d99d651e9fd2cf02ea27d3b4a85887,GLUCAGON,Entity;active_ingredients,ada_pharma_approaches,,
cbd55a81b217b65fa5833b9f5240001f,INSULIN GLARGINE U100,Entity;active_ingredients,ada_pharma_approaches,,
f50e24860e33ea10e7c15b80cee019ce,INSULIN GLARGINE U300,Entity;active_ingredients,ada_pharma_approaches,,
f3f79b6d29ae006896098b9fe054e24a,DEGLUDEC,Entity;active_ingredients,ada_pharma_approaches,,
90ff230224204bee93a8cef98e2dcb4a,INSULIN LISPRO,Entity;active_ingredients,ada_pharma_approaches,,
52bbbf8c62f271d24f46de5f601e8a93,EMPAGLIFLOZIN,Entity;active_ingredients,ada_pharma_approaches,,
b29c54bcc992138073891dc8c743964e,CANAGLIFLOZIN,Entity;active_ingredients,ada_pharma_approaches,,
b614c6dc23f642ba95608ba5884714c7,DAPAGLIFLOZIN,Entity;active_ingredients,ada_pharma_approaches,,
84c344544983b23dfcca1593223552a9,ERGUGLIFLOZIN,Entity;active_ingredients,ada_pharma_approaches,,
f73beb98da33d4a81f1a3de391c0f93a,LIXISENATIDE,Entity;active_ingredients,ada_pharma_approaches,,
68ac31978833fbb9454d46e5efe75fa9,EXENATIDE,Entity;active_ingredients,ada_pharma_approaches,,
7a7327d382a093ed61108259adc64353,SITAGLIPTIN,Entity;active_ingredients,ada_pharma_approaches,,
731243c87e903e19bbd73419ddb56cf4,GLIMEPIRIDE,Entity;active_ingredients,ada_pharma_approaches,,
3125657c253ad0f9eebb816bcfacd993,GLIPIZIDE,Entity;active_ingredients,ada_pharma_approaches,,
f12c4181d7c702fec2a281541f91c55b,GLYBURIDE,Entity;active_ingredients,ada_pharma_approaches,,
6593921d42c0b2211667b6ad22e38144,ACARBOSE,Entity;active_ingredients,ada_pharma_approaches,,
6d6beb6e65b524987350c2567c1826a1,MIGLITOL,Entity;active_ingredients,ada_pharma_approaches,,
a58441a7169a4b130f7b5dac51ee04c9,NATEGLINIDE,Entity;active_ingredients,ada_pharma_approaches,,
65f89644a042167af99e92bc9d8269ae,REPAGLINIDE,Entity;active_ingredients,ada_pharma_approaches,,
c06124888da9819fcae9757840a45167,ALOGLIPTIN,Entity;active_ingredients,ada_pharma_approaches,,
a5d8467cbea83d6491fe769e8e2d2e7e,LINAGLIPTIN,Entity;active_ingredients,ada_pharma_approaches,,
e6857ccf51cbe7c8000dfd4182244627,SAXAGLIPTIN,Entity;active_ingredients,ada_pharma_approaches,,
0cbf4f9d82724e721acd62ad24f8fd15,DULAGLUTIDE,Entity;active_ingredients,ada_pharma_approaches,,
e9a0f98650cac22d07b676118bd46560,BEXAGLIFLOZIN,Entity;active_ingredients,ada_pharma_approaches,,
c260eaaa9274ad7582d9afa354a6c741,ERTUGLIFLOZIN,Entity;active_ingredients,ada_pharma_approaches,,
a0e19940672915a5cd1eb32015b41a2b,COLESEVELAM,Entity;active_ingredients,ada_pharma_approaches,,
4d5d8c6ac63e50d0d2126c4b3344634c,BROMOCRIPTINE,Entity;active_ingredients,ada_pharma_approaches,,
09d1713f151019648bffd4cc0a6817ac,CONTINUOUS SUBCUTANEOUS INSULIN INFUSION,Entity;devices,ada_pharma_approaches,,
5b67f174e6a1c608ad8e110dbee341b5,AUTOMATED INSULIN DELIVERY SYSTEMS,Entity;devices,ada_pharma_approaches,,
ae532c966aeffe01add4827430558aaa,CGM,Entity;devices,ada_pharma_approaches,,
a8d7b6ca48aa40959bcfa20a6e23101e,SELFMONITORING OF BLOOD GLUCOSE,Entity;devices,ada_pharma_approaches,,
5ba1d30455c140c55487f1f00c369bfe,INSULIN PEN,Entity;devices,ada_pharma_approaches|ada_chapter7,,
da4e8eff03147c9de486c306d5169556,BOLUS PATCH PUMP,Entity;devices,ada_pharma_approaches,,
eed75871a88ea655b29aebc70dd319a9,T1D,Entity;clinical_indications,ada_pharma_approaches|ada_chapter7,,
2f301e48b5c284a2d5ea73c0f4fe9f59,T2D,Entity;clinical_indications,ada_pharma_approaches|ada_chapter7,,
497a3c2bcf83dfde4a6df2a2580b1e10,ESTABLISHED OR HIGH RISK OF ATHEROSCLEROTIC CARDIOVASCULAR DISEASE,Entity;clinical_indications,ada_pharma_approaches,,
48fa5f633f8cacb4e81d68192e55dd2b,HEART FAILURE,Entity;clinical_indications,ada_pharma_approaches,,
67f8092447753af8e865356fea8670b7,CKD,Entity;clinical_indications,ada_pharma_approaches,,
169db456ed8d4a90e1df08d266224861,OBESITY,Entity;clinical_indications,ada_pharma_approaches,,
ee0ea1faf479d05173d3982fb01f0b7f,METABOLIC DYSFUNCTIONASSOCIATED STEATOTIC LIVER DISEASE,Entity;clinical_indications,ada_pharma_approaches,,
95229795b8c4f7b5f49cc629ddac2d49,METABOLIC DYSFUNCTIONASSOCIATED STEATOHEPATITIS,Entity;clinical_indications,ada_pharma_approaches,,
c6adc08aa2b6469c2afdf8181d9b197c,SEVERE HYPOGLYCEMIA,Entity;clinical_indications,ada_pharma_approaches,,
dfc5b2474c2f086aa4a890abec80429d,DIABETIC KETOACIDOSIS,Entity;clinical_indications,ada_pharma_approaches|ada_chapter7,,
23ced0dc2fd3b537e27146dba77391a7,HYPERGLYCEMIA,Entity;clinical_indications,ada_pharma_approaches|ada_chapter7,,
574ed4616e74a8992ead80f55888aab0,HIGH ASCVD RISK,Entity;clinical_indications,ada_pharma_approaches,,
dac12fbe533f00b5255c0fd5362c6a34,HEART FAILURE WITH PRESERVED EJECTION FRACTION,Entity;clinical_indications,ada_pharma_approaches,,
1d0d32692f5a65c33c4eed719f91094c,OVERWEIGHT,Entity;clinical_indications,ada_pharma_approaches,,
dfdc7b690fdaaa2bae29e8d7d353ea58,HIGH RISK FOR LIVER FIBROSIS,Entity;clinical_indications,ada_pharma_approaches,,
e57ed498fa5417f68dd3dbc2c5be3193,COSTRELATED BARRIERS,Entity;clinical_indications,ada_pharma_approaches,,
3bab2386ecb88ccfb5fcdde8d5f3a4ee,INSULIN THERAPY,Entity;clinical_indications,ada_pharma_approaches,,
689a2a52227cbfad8598462dd56a7163,NONINSULIN THERAPIES THAT CAN CAUSE HYPOGLYCEMIA,Entity;clinical_indications,ada_pharma_approaches,,
e32b1a8382d32994a5df3f945edc5c08,RESIDUAL BETACELL FUNCTION,Entity;clinical_indications,ada_pharma_approaches,,
2e1eedc26f1c68c23153d9ce2b5e61f2,BIOPSYPROVEN MASH,Entity;clinical_indications,ada_pharma_approaches,,
ae5bcac786eda275d9052abb4b0eab9a,HYPERGLYCEMIA DUE TO IMMUNOTHERAPY,Entity;clinical_indications,ada_pharma_approaches,,
37094d5c17e3ad35e4269a780cd84a53,HYPERGLYCEMIA DUE TO MTOR INHIBITORS,Entity;clinical_indications,ada_pharma_approaches,,
003191e6d9e16b5061c226f0c815a091,HYPERGLYCEMIA DUE TO PI3K INHIBITORS,Entity;clinical_indications,ada_pharma_approaches,,
1118e7aa7b479c1efd999ac053ccc42a,HYPERGLYCEMIA DUE TO GLUCOCORTICOID USE,Entity;clinical_indications,ada_pharma_approaches,,
8e5d713752839aa743301503a469463b,POSTTRANSPLANTATION DIABETES MELLITUS PTDM,Entity;clinical_indications,ada_pharma_approaches,,
a8d38f442bc73892624cde0e5fa40988,MATURITYONSET DIABETES OF THE YOUNG MODY,Entity;clinical_indications,ada_pharma_approaches,,
6578afbc6f94d457cb1f2f5403f9b9a7,CYSTIC FIBROSISRELATED DIABETES,Entity;clinical_indications,ada_pharma_approaches,,
03dc1674326b3af8932202bd3c750c58,ASCVD,Entity;clinical_indications,ada_pharma_approaches,,
b9337631834b0706871cd88c69d15f71,HYPOGLYCEMIA,Entity;adverse_events,ada_pharma_approaches|ada_chapter7,,
dd71d826fb87bad2cdcea44b654b3a2c,GASTROINTESTINAL SIDE EFFECTS,Entity;adverse_events,ada_pharma_approaches,,
ecbed4141e68416cb99b3093f741a0ba,WEIGHT GAIN,Entity;adverse_events,ada_pharma_approaches,,
9e6c43912f6978e4e13f9abffba4d194,VITAMIN B12 DEFICIENCY,Entity;adverse_events,ada_pharma_approaches,,
c12a58e6c63b665b35476f163a0ecbcb,LACTIC ACIDOSIS,Entity;adverse_events,ada_pharma_approaches,,
caac2abe332b9f1c7183d7cafcd03473,GENITAL MYCOTIC INFECTIONS,Entity;adverse_events,ada_pharma_approaches,,
f068c0c5d432c44af248cab0ffa89b27,LIPOHYPERTROPHY,Entity;adverse_events,ada_pharma_approaches|ada_chapter7,,
037d1afaddc0a945a2da0b024c6fac13,ERRATIC INSULIN ABSORPTION,Entity;adverse_events,ada_pharma_approaches,,
79c0a2f3ada06bf5621be1a1ac5580b7,GLYCEMIC VARIABILITY,Entity;adverse_events,ada_pharma_approaches,,
68a43f154bffdbae89e73101c73450b7,PANCREATITIS,Entity;adverse_events,ada_pharma_approaches,,
d668ec92ebe64bed79417aa3045e72e4,GALLBLADDER DISEASE,Entity;adverse_events,ada_pharma_approaches,,
85bd332b80431e64598703ae4ddec14d,BONE FRACTURES,Entity;adverse_events,ada_pharma_approaches,,
6158256e9364225083300936663911de,BLADDER CANCER,Entity;adverse_events,ada_pharma_approaches,,
8bbb86e854b7257c8a52fa75af97e6c3,HEART FAILURE HOSPITALIZATIONS,Entity;adverse_events,ada_pharma_approaches,,
260c02f52129e511620453f589945468,MAJOR ADVERSE CARDIOVASCULAR EVENTS,Entity;adverse_events,ada_pharma_approaches,,
e0a66c92228e84eb5a540ff8769b0788,CV DEATH,Entity;adverse_events,ada_pharma_approaches,,
4e9509bcffebb5953c5065115663eb18,ALLCAUSE MORTALITY,Entity;adverse_events,ada_pharma_approaches,,
f80c903eec831e0e087af1d5959a96ac,MYOCARDIAL INFARCTION,Entity;adverse_events,ada_pharma_approaches,,
be14061a25f311d35eff5e4f4b61aaf1,STROKE,Entity;adverse_events,ada_pharma_approaches,,
d086927f2c5d8af57cdd1683762de531,KIDNEY END POINTS,Entity;adverse_events,ada_pharma_approaches,,
0ba51932c1a6bb05dd1b66cc431d0705,PERSISTENT EGFR REDUCTION,Entity;adverse_events,ada_pharma_approaches,,
0ce6b80b806351307a1eafde3c7514fc,ALBUMINURIA,Entity;adverse_events,ada_pharma_approaches,,
84f06f3840f569c0523191db8df8f2e4,NAUSEA,Entity;adverse_events,ada_pharma_approaches,,
a35685900f69f5aaf5d5f879ecb1d852,VOMITING,Entity;adverse_events,ada_pharma_approaches,,
6b98a2907b21b9c0a8a2845ffe6d44d7,DIARRHEA,Entity;adverse_events,ada_pharma_approaches,,
d5d640149f8a703dc986f1ada1e0fce0,ABDOMINAL DISCOMFORT,Entity;adverse_events,ada_pharma_approaches,,
a4ffb4265b16a94c61927d6059e7f8bf,BLOATING,Entity;adverse_events,ada_pharma_approaches,,
e1000a0eb32ac7e4257e851fe217c1bb,DIABETIC KETOACIDOSIS DKA,Entity;adverse_events,ada_pharma_approaches,,
20445a5a5280a330d6f4432d02957990,GENITOURINARY TRACT INFECTION,Entity;adverse_events,ada_pharma_approaches,,
51904593ef24a9efb5cb583122845b20,GASTROPARESIS,Entity;adverse_events,ada_pharma_approaches,,
9657b3e775242a9a6c86cb92a1027155,GASTROESOPHAGEAL REFLUX,Entity;adverse_events,ada_pharma_approaches,,
225d67a7b2c51a38d2a46ea4c502d37e,SUBCUTANEOUS INJECTION,Entity;administrations,ada_pharma_approaches|ada_chapter7,,
1d13cfbe25689c32efe10ac14a01cf9c,ORAL ADMINISTRATION,Entity;administrations,ada_pharma_approaches,,
a0487bda03578c9d9410eeeda97ee70c,INHALED ADMINISTRATION,Entity;administrations,ada_pharma_approaches,,
725d80bd1aeb9d302cf03de9f518255f,INSULIN PUMP INFUSION,Entity;administrations,ada_pharma_approaches,,
5eb54888d49d84779b989c3bc2d6603a,INSULIN PUMP THERAPY,Entity;administrations,ada_pharma_approaches,,
022658da2145e650f2ae7fd13c92c95d,METFORMIN STARTING DOSE,Entity;dosages,ada_pharma_approaches,,
a9c28f919bd39a2059965553a2a8bd9a,BASAL INSULIN STARTING DOSE,Entity;dosages,ada_pharma_approaches,,
d866de0c67da08c61daa8ee501f83bed,PRANDIAL INSULIN STARTING DOSE,Entity;dosages,ada_pharma_approaches,,
fadba2a88e3589308627dea09cc65811,BASAL ANALOG OR BEDTIME NPH INSULIN INITIATION,Entity;dosages,ada_pharma_approaches,,
59fa1c2f935693fa2fcb5a5dd5fe276b,SAXAGLIPTIN 5 MG,Entity;dosages,ada_pharma_approaches,,
84c185a45a8d2bc32f59342b28dbea02,SITAGLIPTIN 100 MG,Entity;dosages,ada_pharma_approaches,,
500375d6ca3c90f8d4534ef9db2e147b,BEXAGLIFLOZIN 20 MG,Entity;dosages,ada_pharma_approaches,,
a9bcaef2768bc0ef90db0a80d8b57d61,CANAGLIFLOZIN 300 MG,Entity;dosages,ada_pharma_approaches,,
aaf4307a406fbd97bdab927b83a9f534,DAPAGLIFLOZIN 10 MG,Entity;dosages,ada_pharma_approaches,,
9772c80843afc7155ecd2c6753be50fd,EMPAGLIFLOZIN 25 MG,Entity;dosages,ada_pharma_approaches,,
24db8018dcccecd2f5d8665b2a6f70e5,ERTUGLIFLOZIN 15 MG,Entity;dosages,ada_pharma_approaches,,
74b5a2b716efddcdf02954ed818e667d,DULAGLUTIDE 45 MG PEN,Entity;dosages,ada_pharma_approaches,,
6023d4c65301ca42dfe5d017df19db2e,LIRAGLUTIDE 18 MG,Entity;dosages,ada_pharma_approaches,,
62c61f1d1621727383755c0ae36deeb2,SEMAGLUTIDE 2 MG PEN,Entity;dosages,ada_pharma_approaches,,
dcce342ec921845baa3f62670b5416f9,SEMAGLUTIDE 14 MG TABLET,Entity;dosages,ada_pharma_approaches,,
bbda465e5f28172c669e30545c261d9d,TIRZEPATIDE 15 MG PEN,Entity;dosages,ada_pharma_approaches,,
04229fe2d1fd6839293eb643cbee3cbe,COLESEVELAM 375 G,Entity;dosages,ada_pharma_approaches,,
669c9d2458cb8ae3f17cfd10634d55ac,BROMOCRIPTINE 48 MG,Entity;dosages,ada_pharma_approaches,,
09540fbebf64b211c06a5d5376fdd06e,GLP1 RECEPTOR AGONISTS,Entity;medication_classes,ada_chapter7,,
03a5b0126b7f30987a4743d0196b7995,CONTINUOUS GLUCOSE MONITORING CGM,Entity;devices,ada_chapter7,,
28cbe63c5eb51773331444161fb38df6,AUTOMATED INSULIN DELIVERY AID SYSTEM,Entity;devices,ada_chapter7,,
7a9a70435132b1b65ae5058e76a5dd20,INSULIN PUMP,Entity;devices,ada_chapter7,,
38f50f18872f7e6fd3835b891580539d,CONNECTED INSULIN PEN,Entity;devices,ada_chapter7,,
61e3f1bf6c04872dde326ce261f56cab,BLOOD GLUCOSE MONITORING BGM,Entity;devices,ada_chapter7,,
1dc611d9220d6c2b0a8ae91194070320,INSULIN SYRINGE,Entity;devices,ada_chapter7,,
c9db7fa01dec8fc47bebe854d0c354eb,INSULIN INJECTION AIDS,Entity;devices,ada_chapter7,,
d6c4bc9fc2e5ca70ba2387d0af4efc91,OPENSOURCE AID SYSTEM,Entity;devices,ada_chapter7,,
ca2eb71df398b1f65926f72ccd956c95,LOOP ALGORITHM,Entity;devices,ada_chapter7,,
4562f793f7dd910a1417fe297be602ff,OPENAPS ALGORITHM,Entity;devices,ada_chapter7,,
1186cfd724df7e5bb83b09e718e23f70,DIABETES,Entity;clinical_indications,ada_chapter7,,
e76af0ba549493a1bbe6babdf9fd4f92,INSULINDEFICIENT DIABETES,Entity;clinical_indications,ada_chapter7,,
345b2d520985289d420e3508600793bb,DIABETES REQUIRING INSULIN,Entity;clinical_indications,ada_chapter7,,
5b61d51faf93920f56011250ac595b3d,DIABETES ON MULTIPLE DAILY INJECTIONS MDI,Entity;clinical_indications,ada_chapter7,,
cfb55cfeaa4933082b2756f5a583c987,DIABETES ON BASAL INSULIN,Entity;clinical_indications,ada_chapter7,,
0626336b1d8dbd079e063815a5551c86,DIABETES ON BASAL INSULIN WITH OR WITHOUT ORAL AGENTS ANDOR NONINSULIN INJECTABLES,Entity;clinical_indications,ada_chapter7,,
13c73f92f80ce3a76fba8d44b6f1bde5,DIABETES ON NONINSULIN THERAPIES THAT CAN CAUSE HYPOGLYCEMIA,Entity;clinical_indications,ada_chapter7,,
e8c0c08f7490f52850e629339b549754,DIABETES ON ANY DIABETES TREATMENT WHERE CGM HELPS IN MANAGEMENT,Entity;clinical_indications,ada_chapter7,,
1788c714bdcdada28e0f2db1cabcccdb,DIABETES WITH ESTABLISHED ASCVD,Entity;clinical_indications,ada_chapter7,,
12f31fdb2356cd6ab56ae87a959f6a5e,PREDIABETES,Entity;clinical_indications,ada_chapter7,,
a241a5e47b8becae9a8a6b61fea7cca2,DIABETES IN PREGNANCY,Entity;clinical_indications,ada_chapter7,,
eb3d5e1b513c669c9721e0588c4e4bbe,LIPOATROPHY,Entity;adverse_events,ada_chapter7,,
0064ed54a609370cc96e3d37b5022f5f,PUMP SITE INFECTION,Entity;adverse_events,ada_chapter7,,
69e504618dc3cbc91c7be0d85cbfe345,ALARM FATIGUE,Entity;adverse_events,ada_chapter7,,
78dd2a29df901136a103e9e529dadd7b,CONTACT DERMATITIS,Entity;adverse_events,ada_chapter7,,
2694382b65518dcd2e28bb21d503bf51,GENITAL MYCOTIC INFECTION,Entity;adverse_events,ada_chapter7,,
5e9567d0815edac2a1018787faa88086,SYRINGE INJECTION,Entity;administrations,ada_chapter7,,
94f6bb72cb8dc6d9d75519f4b1d3520a,PEN INJECTION,Entity;administrations,ada_chapter7,,
859215c7464856244655b769eeed2446,INHALATION,Entity;administrations,ada_chapter7,,
e9ff3702f726490279bbd38d5aee5b36,PATCH DEVICE,Entity;administrations,ada_chapter7,,
2795bd0612191e1e36d9b6c6cc206fa0,PUMP INFUSION,Entity;administrations,ada_chapter7,,
491bdefd39466b14a883656cc2647dce,CONTINUOUS SUBCUTANEOUS INSULIN INFUSION CSII,Entity;administrations,ada_chapter7,,
8971cac6b825528b52ce89561df09431,AUTOMATED INSULIN DELIVERY AID,Entity;administrations,ada_chapter7,,
10268a8063b35f51d6cfe385e1700611,ORAL,Entity;administrations,ada_chapter7,,
051c7c48bf2ad331a1d6a11106a78a6e,BASAL INSULIN DOSE ADJUSTMENT,Entity;dosages,ada_chapter7,,
d6ca6945b0d9816049a5e95f14355109,PRANDIAL INSULIN DOSE ADJUSTMENT,Entity;dosages,ada_chapter7,,
3987c77df239b6ee3d3c9413fc71e49c,CORRECTION BOLUS DOSE ADJUSTMENT,Entity;dosages,ada_chapter7,,
ebbc0121b3b73f9e844f748258b53a71,AID SYSTEM GLUCOSE TARGET,Entity;dosages,ada_chapter7,,
