:START_ID,:END_ID,type:TYPE,evidence,context,origin
56b7edc20d205cdbe73f92a784e33f97,7792132b59216b5dff70ebc181975f1f,HAS_TARGET,B,if this can be achieved without significant hypoglycemia,ada_chapter15
56b7edc20d205cdbe73f92a784e33f97,605dcbaf96b12729e99348405ad6f435,HAS_TARGET,B,if necessary to prevent hypoglycemia,ada_chapter15
c80279a6e7206414f34dcdf58132c769,7792132b59216b5dff70ebc181975f1f,HAS_TARGET,B,if this can be achieved without significant hypoglycemia,ada_chapter15
c80279a6e7206414f34dcdf58132c769,605dcbaf96b12729e99348405ad6f435,HAS_TARGET,B,if necessary to prevent hypoglycemia,ada_chapter15
1c34d6bebc7f028f58112f27b34c6f7d,1cd0572b36fc64cee93c3aebb3ecf022,HAS_TARGET,Unknown,General population,ada_chapter15
1c34d6bebc7f028f58112f27b34c6f7d,6e735a7eff45a27735270e77940fa722,HAS_TARGET,Unknown,General population,ada_chapter15
1c34d6bebc7f028f58112f27b34c6f7d,6f0560f3319598c5f9fb04812e11bddb,HAS_TARGET,Unknown,General population,ada_chapter15
56b7edc20d205cdbe73f92a784e33f97,435447e9acebcd2ee7147cbfda1cac53,HAS_TARGET,Unknown,General population,ada_chapter15
56b7edc20d205cdbe73f92a784e33f97,867556a3bff305da98da378aef464eec,HAS_TARGET,Unknown,General population,ada_chapter15
56b7edc20d205cdbe73f92a784e33f97,eb955f06784c96cd17842aeb5e407ee0,HAS_TARGET,Unknown,General population,ada_chapter15
c80279a6e7206414f34dcdf58132c769,435447e9acebcd2ee7147cbfda1cac53,HAS_TARGET,Unknown,General population,ada_chapter15
c80279a6e7206414f34dcdf58132c769,867556a3bff305da98da378aef464eec,HAS_TARGET,Unknown,General population,ada_chapter15
c80279a6e7206414f34dcdf58132c769,eb955f06784c96cd17842aeb5e407ee0,HAS_TARGET,Unknown,General population,ada_chapter15
56b7edc20d205cdbe73f92a784e33f97,f6bbb6848ffc30fea971967294882fc0,HAS_TARGET,Unknown,Specific for pregnant individuals with type 1 diabetes,ada_chapter15
56b7edc20d205cdbe73f92a784e33f97,6c38a0605ce86f344a87cd60cf965dfd,HAS_TARGET,Unknown,Specific for pregnant individuals with type 1 diabetes,ada_chapter15
56b7edc20d205cdbe73f92a784e33f97,a79afce2108bb43f2324a81cd5fb915a,HAS_TARGET,Unknown,Specific for pregnant individuals with type 1 diabetes,ada_chapter15
56b7edc20d205cdbe73f92a784e33f97,d1f7e5531316cba9a51fa24d32d17d20,HAS_TARGET,Unknown,Specific for pregnant individuals with type 1 diabetes,ada_chapter15
ce4133bc422af3926bd72be026194e1b,fd3d6ed4e113533ba4f171a3481ed164,SHOULD_RECEIVE,A,Starting at puberty and continuing in all people with diabetes and childbearing potential,ada_chapter15
ce4133bc422af3926bd72be026194e1b,e09683a2c60cf15ccc9028676baca125,SHOULD_RECEIVE,A,General population,ada_chapter15
ce4133bc422af3926bd72be026194e1b,dc922d02e0bbd456748bfe2d0af6f9b8,SHOULD_USE,A,General population,ada_chapter15
c1db773b7f664dd00d9f796d77b729b3,fcad57d0be0c0db0e728579313805775,HAS_TARGET,A,"to reduce the risk of congenital anomalies, preeclampsia, macrosomia, preterm birth, and other complications",ada_chapter15
56b7edc20d205cdbe73f92a784e33f97,7d9d0f51841b368131be227b7fdf8573,CAN_USE_MEDICATION,A,General population,ada_chapter15
c80279a6e7206414f34dcdf58132c769,7d9d0f51841b368131be227b7fdf8573,CAN_USE_MEDICATION,B,General population,ada_chapter15
1c34d6bebc7f028f58112f27b34c6f7d,7d9d0f51841b368131be227b7fdf8573,CAN_USE_MEDICATION,A,General population,ada_chapter15
56b7edc20d205cdbe73f92a784e33f97,dc622f99789f27094156d7dd1f3d6ce3,CAN_USE_MEDICATION,A,starting at 12–16 weeks of gestation,ada_chapter15
c80279a6e7206414f34dcdf58132c769,dc622f99789f27094156d7dd1f3d6ce3,CAN_USE_MEDICATION,A,starting at 12–16 weeks of gestation,ada_chapter15
56b7edc20d205cdbe73f92a784e33f97,2064eb5756b603864c5c44486033ebda,CAN_USE_MEDICATION,Unknown,at 12 weeks of gestation in individuals at high risk for preeclampsia,ada_chapter15
c80279a6e7206414f34dcdf58132c769,2064eb5756b603864c5c44486033ebda,CAN_USE_MEDICATION,Unknown,at 12 weeks of gestation in individuals at high risk for preeclampsia,ada_chapter15
56b7edc20d205cdbe73f92a784e33f97,6a0caa69cf280d9558087f8380c695a0,MUST_AVOID_MEDICATION,B,prior to conception and avoided in sexually active individuals of childbearing potential who are not using reliable contraception,ada_chapter15
c80279a6e7206414f34dcdf58132c769,6a0caa69cf280d9558087f8380c695a0,MUST_AVOID_MEDICATION,B,prior to conception and avoided in sexually active individuals of childbearing potential who are not using reliable contraception,ada_chapter15
56b7edc20d205cdbe73f92a784e33f97,aa41980acc142782721f7f809facff7b,MUST_AVOID_MEDICATION,B,prior to conception and avoided in sexually active individuals of childbearing potential who are not using reliable contraception,ada_chapter15
c80279a6e7206414f34dcdf58132c769,aa41980acc142782721f7f809facff7b,MUST_AVOID_MEDICATION,B,prior to conception and avoided in sexually active individuals of childbearing potential who are not using reliable contraception,ada_chapter15
56b7edc20d205cdbe73f92a784e33f97,bd6d0267952bb79e569db75a3df3b183,MUST_AVOID_MEDICATION,B,prior to conception and avoided in sexually active individuals of childbearing potential who are not using reliable contraception,ada_chapter15
c80279a6e7206414f34dcdf58132c769,bd6d0267952bb79e569db75a3df3b183,MUST_AVOID_MEDICATION,B,prior to conception and avoided in sexually active individuals of childbearing potential who are not using reliable contraception,ada_chapter15
56b7edc20d205cdbe73f92a784e33f97,d7a39875bce398f442f58c32a1391865,MUST_AVOID_MEDICATION,B,prior to conception and avoided in sexually active individuals of childbearing potential with diabetes who are not using reliable contraception,ada_chapter15
c80279a6e7206414f34dcdf58132c769,d7a39875bce398f442f58c32a1391865,MUST_AVOID_MEDICATION,B,prior to conception and avoided in sexually active individuals of childbearing potential with diabetes who are not using reliable contraception,ada_chapter15
56b7edc20d205cdbe73f92a784e33f97,d3625b449ff298fdccb968fce4f67598,MUST_AVOID_MEDICATION,Unknown,prior to pregnancy,ada_chapter15
c80279a6e7206414f34dcdf58132c769,d3625b449ff298fdccb968fce4f67598,MUST_AVOID_MEDICATION,Unknown,prior to pregnancy,ada_chapter15
56b7edc20d205cdbe73f92a784e33f97,c5a87f2a79137c3bb29691764075a84d,MUST_AVOID_MEDICATION,Unknown,prior to pregnancy,ada_chapter15
c80279a6e7206414f34dcdf58132c769,c5a87f2a79137c3bb29691764075a84d,MUST_AVOID_MEDICATION,Unknown,prior to pregnancy,ada_chapter15
56b7edc20d205cdbe73f92a784e33f97,394cb15f9fc22c2e55a5c4fecde58759,MUST_AVOID_MEDICATION,Unknown,at least 2 months before a planned pregnancy,ada_chapter15
c80279a6e7206414f34dcdf58132c769,394cb15f9fc22c2e55a5c4fecde58759,MUST_AVOID_MEDICATION,Unknown,at least 2 months before a planned pregnancy,ada_chapter15
56b7edc20d205cdbe73f92a784e33f97,b0320d62bf9f70f72c78a74c7877ef01,MUST_AVOID_MEDICATION,Unknown,at least 1 month before pregnancy,ada_chapter15
c80279a6e7206414f34dcdf58132c769,b0320d62bf9f70f72c78a74c7877ef01,MUST_AVOID_MEDICATION,Unknown,at least 1 month before pregnancy,ada_chapter15
1c34d6bebc7f028f58112f27b34c6f7d,8391546b44375bc3bba5a8c4cc0c65be,MUST_AVOID_MEDICATION,A,as first-line agents for management of diabetes in pregnancy,ada_chapter15
1c34d6bebc7f028f58112f27b34c6f7d,4e3eaa1f0def4c2deb6e1ba06f302cc7,MUST_AVOID_MEDICATION,A,as first-line agents for management of diabetes in pregnancy,ada_chapter15
e952a1b0d4ee87b4bb5980e5f6f12408,d469cacc7c4fd222da7739114b11f66c,HAS_TARGET,A,General population,ada_chapter15
e952a1b0d4ee87b4bb5980e5f6f12408,3916671b199c60b5d2563ce841d83c4a,HAS_TARGET,E,General population,ada_chapter15
56b7edc20d205cdbe73f92a784e33f97,6a2a8e74a377122ef57d16ac8cd151ab,CAN_USE_MEDICATION,Unknown,early pregnancy,ada_chapter15
c80279a6e7206414f34dcdf58132c769,6a2a8e74a377122ef57d16ac8cd151ab,CAN_USE_MEDICATION,Unknown,early pregnancy,ada_chapter15
56b7edc20d205cdbe73f92a784e33f97,9a485dbf1c65384b5915c52354ea8a64,MUST_AVOID_MEDICATION,Unknown,in pregnant people with hypertension or preeclampsia or those at risk for intrauterine growth restriction,ada_chapter15
c80279a6e7206414f34dcdf58132c769,9a485dbf1c65384b5915c52354ea8a64,MUST_AVOID_MEDICATION,Unknown,in pregnant people with hypertension or preeclampsia or those at risk for intrauterine growth restriction,ada_chapter15
